links,specie
C:\Users\pragya\Downloads\Iteration 2\New holland honeyeater\sounds\328859.wav,New Holland
C:\Users\pragya\Downloads\Iteration 2\New holland honeyeater\sounds\354735.wav,New Holland
C:\Users\pragya\Downloads\Iteration 2\New holland honeyeater\sounds\370620.wav,New Holland
C:\Users\pragya\Downloads\Iteration 2\New holland honeyeater\sounds\XC104917 - New Holland Honeyeater - Phylidonyris novaehollandiae novaehollandiae.wav,New Holland
C:\Users\pragya\Downloads\Iteration 2\New holland honeyeater\sounds\XC104918 - New Holland Honeyeater - Phylidonyris novaehollandiae novaehollandiae.wav,New Holland
C:\Users\pragya\Downloads\Iteration 2\New holland honeyeater\sounds\XC140204 - New Holland Honeyeater - Phylidonyris novaehollandiae.wav,New Holland
C:\Users\pragya\Downloads\Iteration 2\New holland honeyeater\sounds\XC146651 - New Holland Honeyeater - Phylidonyris novaehollandiae.wav,New Holland
C:\Users\pragya\Downloads\Iteration 2\New holland honeyeater\sounds\XC171959 - New Holland Honeyeater - Phylidonyris novaehollandiae.wav,New Holland
C:\Users\pragya\Downloads\Iteration 2\New holland honeyeater\sounds\XC171960 - New Holland Honeyeater - Phylidonyris novaehollandiae.wav,New Holland
C:\Users\pragya\Downloads\Iteration 2\New holland honeyeater\sounds\XC172248 - New Holland Honeyeater - Phylidonyris novaehollandiae.wav,New Holland
C:\Users\pragya\Downloads\Iteration 2\New holland honeyeater\sounds\XC172248-new-holland-mt-wilson-1.wav,New Holland
C:\Users\pragya\Downloads\Iteration 2\New holland honeyeater\sounds\XC186225 - New Holland Honeyeater - Phylidonyris novaehollandiae novaehollandiae.wav,New Holland
C:\Users\pragya\Downloads\Iteration 2\New holland honeyeater\sounds\XC204469 - New Holland Honeyeater - Phylidonyris novaehollandiae.wav,New Holland
C:\Users\pragya\Downloads\Iteration 2\New holland honeyeater\sounds\XC204469-new-holland-heater-tas.wav,New Holland
C:\Users\pragya\Downloads\Iteration 2\New holland honeyeater\sounds\XC241027 - New Holland Honeyeater - Phylidonyris novaehollandiae.wav,New Holland
C:\Users\pragya\Downloads\Iteration 2\New holland honeyeater\sounds\XC328854 - New Holland Honeyeater - Phylidonyris novaehollandiae.wav,New Holland
C:\Users\pragya\Downloads\Iteration 2\New holland honeyeater\sounds\XC328854-New Holland Honeyeater2016-1-11-2.wav,New Holland
C:\Users\pragya\Downloads\Iteration 2\New holland honeyeater\sounds\XC328855 - New Holland Honeyeater - Phylidonyris novaehollandiae.wav,New Holland
C:\Users\pragya\Downloads\Iteration 2\New holland honeyeater\sounds\XC328855-New Holland Honeyeater2016-1-11-3.wav,New Holland
C:\Users\pragya\Downloads\Iteration 2\New holland honeyeater\sounds\XC328856 - New Holland Honeyeater - Phylidonyris novaehollandiae.wav,New Holland
C:\Users\pragya\Downloads\Iteration 2\New holland honeyeater\sounds\XC328856-New Holland Honeyeater2016-1-11-4.wav,New Holland
C:\Users\pragya\Downloads\Iteration 2\New holland honeyeater\sounds\XC328857 - New Holland Honeyeater - Phylidonyris novaehollandiae.wav,New Holland
C:\Users\pragya\Downloads\Iteration 2\New holland honeyeater\sounds\XC328857-New Holland Honeyeater2016-1-11-5.wav,New Holland
C:\Users\pragya\Downloads\Iteration 2\New holland honeyeater\sounds\XC328858 - New Holland Honeyeater - Phylidonyris novaehollandiae.wav,New Holland
C:\Users\pragya\Downloads\Iteration 2\New holland honeyeater\sounds\XC328858-New Holland Honeyeater2016-1-19-1.wav,New Holland
C:\Users\pragya\Downloads\Iteration 2\New holland honeyeater\sounds\XC328859 - New Holland Honeyeater - Phylidonyris novaehollandiae.wav,New Holland
C:\Users\pragya\Downloads\Iteration 2\New holland honeyeater\sounds\XC354735 - New Holland Honeyeater - Phylidonyris novaehollandiae.wav,New Holland
C:\Users\pragya\Downloads\Iteration 2\New holland honeyeater\sounds\XC362977 - New Holland Honeyeater - Phylidonyris novaehollandiae.wav,New Holland
C:\Users\pragya\Downloads\Iteration 2\New holland honeyeater\sounds\XC370620 - New Holland Honeyeater - Phylidonyris novaehollandiae.wav,New Holland
C:\Users\pragya\Downloads\Iteration 2\New holland honeyeater\sounds\XC380193 - New Holland Honeyeater - Phylidonyris novaehollandiae.wav,New Holland
C:\Users\pragya\Downloads\Iteration 2\New holland honeyeater\sounds\XC382605 - New Holland Honeyeater - Phylidonyris novaehollandiae longirostris.wav,New Holland
C:\Users\pragya\Downloads\Iteration 2\New holland honeyeater\sounds\XC382676 - New Holland Honeyeater - Phylidonyris novaehollandiae longirostris.wav,New Holland
C:\Users\pragya\Downloads\Iteration 2\New holland honeyeater\sounds\XC382703 - New Holland Honeyeater - Phylidonyris novaehollandiae longirostris.wav,New Holland
C:\Users\pragya\Downloads\Iteration 2\New holland honeyeater\sounds\XC382704 - New Holland Honeyeater - Phylidonyris novaehollandiae longirostris.wav,New Holland
C:\Users\pragya\Downloads\Iteration 2\New holland honeyeater\sounds\XC382705 - New Holland Honeyeater - Phylidonyris novaehollandiae longirostris.wav,New Holland
C:\Users\pragya\Downloads\Iteration 2\New holland honeyeater\sounds\XC40645 - New Holland Honeyeater - Phylidonyris novaehollandiae longirostris.wav,New Holland
C:\Users\pragya\Downloads\Iteration 2\New holland honeyeater\sounds\XC40686 - New Holland Honeyeater - Phylidonyris novaehollandiae longirostris.wav,New Holland
C:\Users\pragya\Downloads\Iteration 2\New holland honeyeater\sounds\XC40859 - New Holland Honeyeater - Phylidonyris novaehollandiae canescens.wav,New Holland
C:\Users\pragya\Downloads\Iteration 2\New holland honeyeater\sounds\XC411590 - New Holland Honeyeater - Phylidonyris novaehollandiae.wav,New Holland
C:\Users\pragya\Downloads\Iteration 2\New holland honeyeater\sounds\XC501234 - New Holland Honeyeater - Phylidonyris novaehollandiae.wav,New Holland
C:\Users\pragya\Downloads\Iteration 2\New holland honeyeater\sounds\XC502298 - New Holland Honeyeater - Phylidonyris novaehollandiae.wav,New Holland
C:\Users\pragya\Downloads\Iteration 2\New holland honeyeater\sounds\XC503530 - New Holland Honeyeater - Phylidonyris novaehollandiae.wav,New Holland
C:\Users\pragya\Downloads\Iteration 2\New holland honeyeater\sounds\XC552284 - New Holland Honeyeater - Phylidonyris novaehollandiae novaehollandiae.wav,New Holland
C:\Users\pragya\Downloads\Iteration 2\New holland honeyeater\sounds\XC608476 - New Holland Honeyeater - Phylidonyris novaehollandiae.wav,New Holland
C:\Users\pragya\Downloads\Iteration 2\New holland honeyeater\sounds\XC609040 - New Holland Honeyeater - Phylidonyris novaehollandiae.wav,New Holland
C:\Users\pragya\Downloads\Iteration 2\New holland honeyeater\sounds\XC609041 - New Holland Honeyeater - Phylidonyris novaehollandiae.wav,New Holland
C:\Users\pragya\Downloads\Iteration 2\New holland honeyeater\sounds\XC609076 - New Holland Honeyeater - Phylidonyris novaehollandiae.wav,New Holland
C:\Users\pragya\Downloads\Iteration 2\New holland honeyeater\sounds\XC612436 - New Holland Honeyeater - Phylidonyris novaehollandiae.wav,New Holland
C:\Users\pragya\Downloads\Iteration 2\New holland honeyeater\sounds\XC638396 - New Holland Honeyeater - Phylidonyris novaehollandiae.wav,New Holland
C:\Users\pragya\Downloads\Iteration 2\New holland honeyeater\sounds\XC646299 - New Holland Honeyeater - Phylidonyris novaehollandiae.wav,New Holland
C:\Users\pragya\Downloads\Iteration 2\New holland honeyeater\sounds\XC669701 - New Holland Honeyeater - Phylidonyris novaehollandiae.wav,New Holland
C:\Users\pragya\Downloads\Iteration 2\New holland honeyeater\sounds\XC673203 - New Holland Honeyeater - Phylidonyris novaehollandiae.wav,New Holland
C:\Users\pragya\Downloads\Iteration 2\New holland honeyeater\sounds\XC673204 - New Holland Honeyeater - Phylidonyris novaehollandiae.wav,New Holland
C:\Users\pragya\Downloads\Iteration 2\New holland honeyeater\sounds\XC684056 - New Holland Honeyeater - Phylidonyris novaehollandiae.wav,New Holland
C:\Users\pragya\Downloads\Iteration 2\New holland honeyeater\sounds\XC721720 - New Holland Honeyeater - Phylidonyris novaehollandiae novaehollandiae.wav,New Holland
C:\Users\pragya\Downloads\Iteration 2\New holland honeyeater\sounds\XC721722 - New Holland Honeyeater - Phylidonyris novaehollandiae novaehollandiae.wav,New Holland
C:\Users\pragya\Downloads\Iteration 2\New holland honeyeater\sounds\XC729342 - New Holland Honeyeater - Phylidonyris novaehollandiae.wav,New Holland
C:\Users\pragya\Downloads\Iteration 2\New holland honeyeater\sounds\XC98294 - New Holland Honeyeater - Phylidonyris novaehollandiae.wav,New Holland
C:\Users\pragya\Downloads\Iteration 2\New holland honeyeater\sounds\XC98295 - New Holland Honeyeater - Phylidonyris novaehollandiae.wav,New Holland
C:\Users\pragya\Downloads\Iteration 2\Brown-headed Honeyeaters\sounds\XC104883 - Brown-headed Honeyeater - Melithreptus brevirostris brevirostris.wav,Brown Headed
C:\Users\pragya\Downloads\Iteration 2\Brown-headed Honeyeaters\sounds\XC104884 - Brown-headed Honeyeater - Melithreptus brevirostris brevirostris.wav,Brown Headed
C:\Users\pragya\Downloads\Iteration 2\Brown-headed Honeyeaters\sounds\XC104885 - Brown-headed Honeyeater - Melithreptus brevirostris brevirostris.wav,Brown Headed
C:\Users\pragya\Downloads\Iteration 2\Brown-headed Honeyeaters\sounds\XC188237 - Brown-headed Honeyeater - Melithreptus brevirostris brevirostris.wav,Brown Headed
C:\Users\pragya\Downloads\Iteration 2\Brown-headed Honeyeaters\sounds\XC197377 - Brown-headed Honeyeater - Melithreptus brevirostris.wav,Brown Headed
C:\Users\pragya\Downloads\Iteration 2\Brown-headed Honeyeaters\sounds\XC197588 - Brown-headed Honeyeater - Melithreptus brevirostris.wav,Brown Headed
C:\Users\pragya\Downloads\Iteration 2\Brown-headed Honeyeaters\sounds\XC200315 - Brown-headed Honeyeater - Melithreptus brevirostris.wav,Brown Headed
C:\Users\pragya\Downloads\Iteration 2\Brown-headed Honeyeaters\sounds\XC203154 - Brown-headed Honeyeater - Melithreptus brevirostris pallidiceps.wav,Brown Headed
C:\Users\pragya\Downloads\Iteration 2\Brown-headed Honeyeaters\sounds\XC286940 - Brown-headed Honeyeater - Melithreptus brevirostris.wav,Brown Headed
C:\Users\pragya\Downloads\Iteration 2\Brown-headed Honeyeaters\sounds\XC328849 - Brown-headed Honeyeater - Melithreptus brevirostris.wav,Brown Headed
C:\Users\pragya\Downloads\Iteration 2\Brown-headed Honeyeaters\sounds\XC334423 - Brown-headed Honeyeater - Melithreptus brevirostris.wav,Brown Headed
C:\Users\pragya\Downloads\Iteration 2\Brown-headed Honeyeaters\sounds\XC334463 - Brown-headed Honeyeater - Melithreptus brevirostris.wav,Brown Headed
C:\Users\pragya\Downloads\Iteration 2\Brown-headed Honeyeaters\sounds\XC383185 - Brown-headed Honeyeater - Melithreptus brevirostris leucogenys.wav,Brown Headed
C:\Users\pragya\Downloads\Iteration 2\Brown-headed Honeyeaters\sounds\XC393384 - Brown-headed Honeyeater - Melithreptus brevirostris.wav,Brown Headed
C:\Users\pragya\Downloads\Iteration 2\Brown-headed Honeyeaters\sounds\XC407727 - Brown-headed Honeyeater - Melithreptus brevirostris pallidiceps_.wav,Brown Headed
C:\Users\pragya\Downloads\Iteration 2\Brown-headed Honeyeaters\sounds\XC407728 - Brown-headed Honeyeater - Melithreptus brevirostris pallidiceps_.wav,Brown Headed
C:\Users\pragya\Downloads\Iteration 2\Brown-headed Honeyeaters\sounds\XC592604 - Brown-headed Honeyeater - Melithreptus brevirostris.wav,Brown Headed
C:\Users\pragya\Downloads\Iteration 2\Brown-headed Honeyeaters\sounds\XC729287 - Brown-headed Honeyeater - Melithreptus brevirostris.wav,Brown Headed
C:\Users\pragya\Downloads\Iteration 2\white napped honeyeater\sounds\1365173943.wav,White Napped
C:\Users\pragya\Downloads\Iteration 2\white napped honeyeater\sounds\1365183935.wav,White Napped
C:\Users\pragya\Downloads\Iteration 2\white napped honeyeater\sounds\328852.wav,White Napped
C:\Users\pragya\Downloads\Iteration 2\white napped honeyeater\sounds\328853.wav,White Napped
C:\Users\pragya\Downloads\Iteration 2\white napped honeyeater\sounds\370067.wav,White Napped
C:\Users\pragya\Downloads\Iteration 2\white napped honeyeater\sounds\XC140192 - White-naped Honeyeater - Melithreptus lunatus.wav,White Napped
C:\Users\pragya\Downloads\Iteration 2\white napped honeyeater\sounds\XC140192-white-naped-honeyeater1.wav,White Napped
C:\Users\pragya\Downloads\Iteration 2\white napped honeyeater\sounds\XC140193 - White-naped Honeyeater - Melithreptus lunatus.wav,White Napped
C:\Users\pragya\Downloads\Iteration 2\white napped honeyeater\sounds\XC140193-white-naped-honeyeater2.wav,White Napped
C:\Users\pragya\Downloads\Iteration 2\white napped honeyeater\sounds\XC146139 - White-naped Honeyeater - Melithreptus lunatus.wav,White Napped
C:\Users\pragya\Downloads\Iteration 2\white napped honeyeater\sounds\XC146139-white-naped-honeyeater3.wav,White Napped
C:\Users\pragya\Downloads\Iteration 2\white napped honeyeater\sounds\XC172251 - White-naped Honeyeater - Melithreptus lunatus.wav,White Napped
C:\Users\pragya\Downloads\Iteration 2\white napped honeyeater\sounds\XC172251-white-naped-honeyeater-2nd-call.wav,White Napped
C:\Users\pragya\Downloads\Iteration 2\white napped honeyeater\sounds\XC188051 - White-naped Honeyeater - Melithreptus lunatus.wav,White Napped
C:\Users\pragya\Downloads\Iteration 2\white napped honeyeater\sounds\XC188051-White-naped Honeyeater_Kuringai-Chase.wav,White Napped
C:\Users\pragya\Downloads\Iteration 2\white napped honeyeater\sounds\XC188235 - White-naped Honeyeater - Melithreptus lunatus lunatus.wav,White Napped
C:\Users\pragya\Downloads\Iteration 2\white napped honeyeater\sounds\XC188235-2013_01_27 Melithreptus lunatus2.wav,White Napped
C:\Users\pragya\Downloads\Iteration 2\white napped honeyeater\sounds\XC269932-melithreptus_lunatus_cairns_queensland_11.wav,White Napped
C:\Users\pragya\Downloads\Iteration 2\white napped honeyeater\sounds\XC328852 - White-naped Honeyeater - Melithreptus lunatus.wav,White Napped
C:\Users\pragya\Downloads\Iteration 2\white napped honeyeater\sounds\XC328853 - White-naped Honeyeater - Melithreptus lunatus.wav,White Napped
C:\Users\pragya\Downloads\Iteration 2\white napped honeyeater\sounds\XC370067 - White-naped Honeyeater - Melithreptus lunatus.wav,White Napped
C:\Users\pragya\Downloads\Iteration 2\white napped honeyeater\sounds\XC445533 - White-naped Honeyeater - Melithreptus lunatus.wav,White Napped
C:\Users\pragya\Downloads\Iteration 2\white napped honeyeater\sounds\XC460626 - White-naped Honeyeater - Melithreptus lunatus.wav,White Napped
C:\Users\pragya\Downloads\Iteration 2\white napped honeyeater\sounds\XC460775 - White-naped Honeyeater - Melithreptus lunatus.wav,White Napped
C:\Users\pragya\Downloads\Iteration 2\white napped honeyeater\sounds\XC460778 - White-naped Honeyeater - Melithreptus lunatus.wav,White Napped
C:\Users\pragya\Downloads\Iteration 2\white napped honeyeater\sounds\XC531661 - White-naped Honeyeater - Melithreptus lunatus.wav,White Napped
C:\Users\pragya\Downloads\Iteration 2\white napped honeyeater\sounds\XC531662 - White-naped Honeyeater - Melithreptus lunatus.wav,White Napped
C:\Users\pragya\Downloads\Iteration 2\white napped honeyeater\sounds\XC609042 - White-naped Honeyeater - Melithreptus lunatus.wav,White Napped
C:\Users\pragya\Downloads\Iteration 2\white napped honeyeater\sounds\XC609077 - White-naped Honeyeater - Melithreptus lunatus.wav,White Napped
C:\Users\pragya\Downloads\Iteration 2\white napped honeyeater\sounds\XC609078 - White-naped Honeyeater - Melithreptus lunatus.wav,White Napped
C:\Users\pragya\Downloads\Iteration 2\white napped honeyeater\sounds\XC609079 - White-naped Honeyeater - Melithreptus lunatus.wav,White Napped
C:\Users\pragya\Downloads\Iteration 2\white napped honeyeater\sounds\XC609080 - White-naped Honeyeater - Melithreptus lunatus.wav,White Napped
C:\Users\pragya\Downloads\Iteration 2\white napped honeyeater\sounds\XC676777 - White-naped Honeyeater - Melithreptus lunatus.wav,White Napped
C:\Users\pragya\Downloads\Iteration 2\white napped honeyeater\sounds\XC712609 - White-naped Honeyeater - Melithreptus lunatus.wav,White Napped
